Serial,CustomerID,Name
7IE7-JREB-4FX9,ID001,asd
7QF2-6HI9-XKZZ,ID002,ff
DKFU-V7ZE-RD9R,ID003,gg
HKDR-SX7Z-29KR,ID004,hh
VSW9-XD3Q-GZ2W,ID005,jj
XHYS-TDIY-QE6P,ID006,jj
YVLM-W2T1-YNSI,ID007,jj
TY83-FPSX-C3WS,ID008,jj
TEIK-YMJF-4QQG,ID009,kk
K4Z7-9RFL-XCXS,,
SG8P-YQKG-ZV3C,,
4SB9-NR2D-742E,,
JQEG-KSWD-AUE6,,
TCZC-A71U-P23T,,
RSDN-NFWP-EKV9,,
7RFD-7LIP-V2ZW,,
UQ9I-HKFQ-N4EX,,
2RGA-ETIE-IXZF,,
7K7T-J1JU-A2WF,,
GFW3-GIPB-QJAC,,
MFPF-8456-Z2S6,,
8JQS-XU2T-CBKC,,
M4AF-KQ28-9WFZ,,
FBWL-GVEF-YVTB,,
XUXC-HI8I-Q62F,,
IUQJ-KMCB-GF7X,,
JW1M-LK4Y-YQJL,,
SVU7-2XUJ-XXRX,,
QLPP-KTEG-AN1B,,
BBTL-UJHH-DDDB,,
GQ5E-QEM6-LYVC,,
NPRR-T2FF-FSIJ,,
32ZA-U4IB-RVHK,,
RSIH-MFMW-MNCC,,
73A2-UBGN-XG2M,,
8FIW-9JRB-NY4J,,
DJ7Z-R3M5-4LNZ,,
BPCE-RNHC-25G8,,
MSXM-LRG1-ZT45,,
4JGL-VZ5R-FB3L,,
TZBT-W41I-R2JD,,
PBF7-WZHT-WPZR,,
T4HG-DF2B-HWLF,,
H1U6-BELZ-USMF,,
ANTI-YLMQ-HYYE,,
CLPF-MM77-IYGT,,
Q243-ZZP2-H4QI,,
8BQZ-CCSU-XY36,,
IEAJ-NVIS-VMKM,,
1ZQN-FXHB-FTXT,,
